MARK ID;Biomechanical Group;SURFACE;VOLUME;MAXIMUM DEPTH;MEAN DEPTH;MAXIMUM LENGTH;MAXIMUM WIDTH;MAXIMUM DEPTH;AREA;WIDTH;ROUGHNESS;OPENING ANGLE;FLOOR RADIUS
DZD1-1;Flesh Slicer;1830000;160000000;152.77;87.34;2548.56;1120.68;111.27;63500;1170;3.32;152.85;1506.81
DZD1-2;Flesh Slicer;1410000;103000000;170.1;73.62;2231.62;796.32;164.43;61600;685;10.62;132.5;440.44
DZD1-4A;Flesh Slicer;2830000;296000000;216.56;104.67;2488.69;1617.95;192;149000;1480;6.64;155.19;2209.57
DZD1-4B;Flesh Slicer;2970000;327000000;222.44;110.26;2529.04;1522.95;264.59;238000;1635;20.83;150.67;1681.39
DZD1-5;Flesh Slicer;5130000;400000000;160.04;78;5959.28;1130.4;142.25;82000;1370;2.56;167.43;4567.77
DZD2-1;Flesh Slicer;1790000;85600000;114.52;47.71;2324.54;1094.37;103.23;46500;1030;4.39;166.14;8862.49
DZD4-2;Flesh Slicer;448000;23500000;116.14;52.54;949.43;555.98;74.66;14700;490;2.37;149.7;675.27
DZD4-3A;Flesh Slicer;764000;52700000;153.01;68.97;1727.03;626.35;151.74;51800;895;7.45;144.81;912.59
DZD4-3B;Flesh Slicer;592000;41200000;127.31;60.75;1249.72;584.48;93.48;29100;640;3.8;142.59;706.44
DZD4-4;Flesh Slicer;289000;25400000;158.55;87.85;883.85;383.25;103.53;21000;460;2.28;116.45;261.55
DZD4-5;Flesh Slicer;677000;20000000;77.34;29.56;1201.15;704.14;70.82;24000;915;3.55;163.9;2475.28
DZD4-6;Flesh Slicer;1010000;31100000;74.19;30.86;1371.11;1096.13;66.85;34500;950;2.58;170.41;2560.81
DZD4-7;Flesh Slicer;314000;6980000;60.97;22.26;829.14;486.13;59.4;11800;430;1.95;162.95;700.08
DZD4-8;Flesh Slicer;1170000;51400000;118.13;44.02;1895.51;896.04;107.78;49200;850;3.77;153.95;1187.57
DZD4-9;Flesh Slicer;2250000;154000000;136.96;68.23;2407.39;1052.44;131.15;95200;1290;3.43;157.75;1757.2
DZD4-10;Flesh Slicer;1240000;70700000;105.36;44.83;1710.68;811.54;99.44;52100;850;3.05;158.21;1214.95
DZD4-11;Flesh Slicer;987000;42800000;112.45;43.29;2740.38;653.08;117.28;37000;665;5.66;151.74;796.71
DZD4-12;Flesh Slicer;2140000;183000000;222.28;85.69;2389.2;1244.71;206.03;132000;1345;3.05;144.37;1334.24
DZD4-14;Flesh Slicer;374000;5480000;54.5;14.65;1481.22;325.52;52.48;6790;340;2.61;156.93;536.03
DZD4-15A;Flesh Slicer;358000;5110000;47.86;14.24;1467.33;307.3;49.77;8470;360;1.99;162.63;608.61
DZD4-15B;Flesh Slicer;389000;5860000;61.15;15.05;1495.12;343.75;55.19;5110;320;3.22;151.23;463.46
DZD6-1;Flesh Slicer;1240000;60300000;117.85;48.43;2870.47;590.17;127.54;47700;735;4.38;139.31;569.75
DZD7-1;Flesh Slicer;701000;26200000;92.08;37.45;1164.13;809.66;92.33;39200;830;2.11;153.91;1307.27
DZD7-2;Flesh Slicer;206000;5400000;76.29;26.15;612.26;363.18;61.48;8560;315;2.9;144.95;271.17
DZD7-3;Flesh Slicer;516000;14200000;73.54;26.83;1157.82;573.18;68.59;20100;550;2.57;155.02;925.25
DZD7-4;Flesh Slicer;642000;10900000;52.26;16.89;1697.08;546.69;51.95;12600;525;2.68;166.2;1197.31
DZD8-1A;Flesh Slicer;550000;24700000;83.25;44.86;1106.38;643.35;98.37;49000;870;3.22;157.39;1114.74
DZD8-1B;Flesh Slicer;247000;9970000;77.66;40.28;615.02;496.32;53.1;12700;460;2.68;157.58;635.73
DZD8-1C;Flesh Slicer;284000;13000000;98.42;45.96;723.07;454.13;77.1;14400;380;1.91;153.3;470.14
DZB8-2A;Flesh Slicer;279000;4930000;47.95;17.67;810.57;567.17;43.22;9540;580;3.04;152.04;3683.77
DZB8-2B;Flesh Slicer;33800;766000;43.82;22.64;223.56;191.42;35.12;3950;180;1.96;145.23;166.97
WSN1-1;Flesh Slicer;2290000;108000000;137.79;47.37;2387.33;1423.28;147.28;114000;1780;7.22;164.73;3786.26
WSN2-1;Flesh Slicer;893000;74200000;224.92;83.04;1141.91;1049.63;216.63;135000;1240;8.88;141.16;1018.87
WSN2-2;Flesh Slicer;485000;24800000;127.99;51.17;1099.15;549.96;139.35;71500;975;3.64;146.42;894.66
WSN2-3;Flesh Slicer;2060000;93600000;123.09;45.42;2018.95;1454.91;115.94;95100;1515;3.85;159.42;3366.62
WSH1-2;Flesh Slicer;2920000;207000000;147.21;70.84;1839.34;2112.37;162.62;221000;2055;6.74;164.65;4340.53
WSH1-3;Flesh Slicer;4300000;578000000;381.85;134.57;3136.3;1725.36;401.54;392000;2070;12.81;134.1;1417.46
WSH1-4;Flesh Slicer;4150000;478000000;324.23;115.22;3393.46;1844.67;331.9;277000;1675;9.69;132.61;1150.83
WSH1-5;Flesh Slicer;2790000;173000000;150.47;61.99;2625.05;1163.29;158.42;106000;1610;7.07;156.65;4149.35
WSH1-7;Flesh Slicer;872000;59600000;156.06;68.35;1620.73;974.32;163.27;90800;1190;5.51;150.5;1202.62
WSH1-8;Flesh Slicer;1540000;77700000;140.64;50.57;3277.93;789.47;144.03;50200;955;4.3;147;972.05
WSH1-9;Flesh Slicer;1980000;116000000;141.38;58.48;2514.72;988.3;133.29;69900;1195;2.57;158.49;1764.41
WSH1-10;Flesh Slicer;3860000;261000000;188.01;67.72;3216.49;1558.85;211.5;188000;1720;8.24;153.13;1951.53
WSH1-13;Flesh Slicer;958000;52000000;155.48;54.24;1108.25;1104.31;121.18;54500;900;6.61;146.92;859.89
WSH3-1;Flesh Slicer;1110000;38900000;109.27;35.16;4626.59;479.27;119.99;25100;545;7.47;141.61;475.08
WST1-1;Flesh Slicer;1390000;41100000;69.61;29.49;1913.9;761.12;70.05;26900;900;1.78;148.18;3112.31
WST1-2A;Flesh Slicer;350000;12600000;85.36;36.15;800.61;583.42;87.66;29600;620;2.64;149.95;645.39
WST1-2B;Flesh Slicer;290000;9770000;89.02;33.71;742.06;468.93;92.72;24600;670;2.26;153.56;713.52
WST1-7;Flesh Slicer;1100000;15900000;49.68;14.51;3213.06;477.4;62.4;20600;710;2.05;163.76;1529.92
WST1-8;Flesh Slicer;295000;4330000;46.93;14.69;640.65;707.26;41.67;9560;585;2.69;166.15;1479.03
WST1-9;Flesh Slicer;338000;8260000;69.31;24.43;724.81;687.32;82.88;22700;530;3.09;146.49;483.04
WST1-11;Flesh Slicer;2550000;93100000;110.07;36.52;3872.67;967.99;98.57;48000;1390;2.92;158.05;9218.5
WST1-12;Flesh Slicer;1020000;76700000;169.82;75.18;1065.68;1110.57;119.47;62200;1045;4.85;154.12;1262.51
WST1-15;Flesh Slicer;1730000;167000000;168.77;96.31;1418.31;2082.2;189.87;161000;1415;6.35;166.81;3423.53
WST1-17;Flesh Slicer;667000;21300000;92.72;31.86;1075.18;766.7;93.02;33500;715;4.08;151.11;748.51
WST1-18A;Flesh Slicer;601000;24000000;84.12;39.94;1060.34;875.3;81.33;40600;995;2.37;160.87;1501.21
WST1-18B;Flesh Slicer;514000;17600000;73.12;34.17;984.59;763.81;73.12;32500;785;3.01;160.5;1182.38
WST1-21;Flesh Slicer;3050000;318000000;247.47;104.5;2755.85;1639.66;258.59;225000;1650;9.68;143.64;1403.27
WST1-23;Flesh Slicer;1910000;142000000;180.57;74.25;1730.39;1325.04;182.73;150000;2115;7.33;160.2;3201.08
WST1-3;Flesh Slicer;386000;20800000;104.29;53.94;991.98;632.37;110.37;34200;520;5.32;140.34;444.28
NGO25-3-1;Bone cruncher;619000;310000000;169;50.12;4267;2332.55;174.78;209000;2395;8.71;163.58;4767.01
NGO25-3-3;Bone cruncher;2660000;172000000;159.98;64.76;4316.62;816;146.94;61800;850;5.01;146.73;832.28
NGO25-3-7;Bone cruncher;1960000;75900000;96.11;38.63;1949.33;1582.92;114.4;63300;1005;2.97;159.35;1478.61
NGO25-6-2;Bone cruncher;5220000;564000000;267.93;107.93;2589.39;2826.95;241.88;410000;2815;5.21;161.76;4582.58
NGO25-7-1;Bone cruncher;5080000;352000000;225.35;69.25;5013.29;1366.49;214.74;141000;1455;3.36;150.98;1651.11
NGO25-18-1;Bone cruncher;3310000;211000000;215.62;63.9;3163.37;2199.23;208.59;208000;2150;9.29;155.91;3544.51
NGO25-18-2;Bone cruncher;10400000;706000000;184.13;67.74;5968.97;2342.9;196.45;282000;2520;6.25;162.23;4463.52
NGO25-21-1;Bone cruncher;2730000;136000000;114.4;49.67;2448.59;1440.71;109.22;77000;1275;2.03;163.36;2458.72
NGO25-22-1;Bone cruncher;447000;32400000;163.83;72.46;842.63;764;139.72;59400;775;6.15;138.18;557.44
NGO25-14-1;Bone cruncher;2720000;386000000;317.9;142.05;3555.33;1255.44;302.53;238000;1465;4.39;136.55;1055.39
NGO25-14-2;Bone cruncher;757000;53200000;172.26;70.25;1215.48;945.44;177.67;87800;1015;3.71;135.44;745.97
NGO25-14-3;Bone cruncher;5250000;1140000000;592.78;217.58;3349.72;1887.57;575.99;514000;2065;20.71;117.5;1142.1
NGO25-14-5;Bone cruncher;3160000;489000000;367.72;154.65;2476.15;1328.26;369.16;287000;1500;6.08;126.3;914.23
NGO25-10-2;Bone cruncher;4290000;355000000;222.67;82.72;5359.92;1217.27;252.9;184000;1455;5.09;141.38;1218.83
NGO25-10-3;Bone cruncher;6520000;817000000;296.03;125.38;5209.1;2758.19;299.32;423000;2750;2.93;151.36;4425.51
NGO25-1-1;Bone cruncher;4020000;243000000;180.99;60.29;3971.66;1583.73;164.65;96000;1205;7.88;143.23;951.29
NGO25-1-2;Bone cruncher;2000000;65800000;104.98;32.92;4026.02;823.81;103.91;20600;690;9.17;149.04;957.81
NGO25-1-4;Bone cruncher;5960000;274000000;101.12;45.96;4777.3;2808.64;92.54;95500;2845;4.45;170.57;18191.97
NGO25-1-5;Bone cruncher;1260000;43400000;82.13;34.45;1680.25;1370.79;86.17;34400;755;2.81;159.45;929.77
NGO25-2 - 1;Bone cruncher;3020000;190000000;209.49;62.96;4320.04;1377.22;170.16;46600;455;4.54;82.14;244.91
NGO25-2 - 2A;Bone cruncher;3490000;500000000;364.23;143.36;3644.29;1463.64;346.69;177000;980;9.6;106.07;490.44
NGO25-2 - 2B;Bone cruncher;998000;54700000;189.92;54.74;1777.57;941.88;195.75;90800;910;8.79;135.62;589.11
NGO25-2 - 3A;Bone cruncher;3310000;101000000;106.21;30.56;3852.18;2042.71;90.67;28300;850;4.84;157.14;1315.58
NGO25-2 - 3B;Bone cruncher;1090000;47600000;128.57;43.75;2307.12;759.98;130.11;41700;660;6.7;132.51;465.78
NGO25-2 - 3C;Bone cruncher;744000;30200000;98.44;40.51;1565.14;694.23;90.44;25000;565;3.66;145.22;508.01
NGO25-2 - 4A;Bone cruncher;394000;16700000;126.34;42.45;706.52;857.35;119.7;47000;840;4.45;146.99;827.3
NGO25-2 - 4B;Bone cruncher;124000;3590000;63.4;28.87;592.38;282.2;63.23;9750;295;2.24;139.5;226.13
NGO25-2 - 5;Bone cruncher;1770000;98600000;148.6;55.57;3522.16;1263.57;135.27;77800;1300;5.56;160.69;2288.07
NGO25-1 - 6;Bone cruncher;2660000;298000000;261.58;111.68;1980.23;1881.95;246.41;240000;1995;13.88;144.27;2741.71
DZHP1-1;Bone cruncher;8220000;1290000000;272.72;157.14;4214.52;2139.35;150.26;167000;2340;5.99;168.84;6167.43
DZHP1-2;Bone cruncher;871000;44300000;124.84;50.91;1125.83;968.01;129.1;72200;1000;6.12;150.9;1138.32
DZHP1-3;Bone cruncher;1030000;88600000;200.15;85.68;1319.7;931.22;184.89;76400;1030;6.38;140.35;878.22
DZHP2-1;Bone cruncher;7400000;1350000000;482.45;182.81;3288.04;3037.92;472.81;953000;3220;11.38;122.33;7569.14
DZHP2-2;Bone cruncher;5000000;507000000;286.26;101.29;3148.47;2208.34;292.77;298000;2270;12.18;154.88;2764.7
DZHP3-1A;Bone cruncher;3390000;210000000;226.45;62.1;1644.73;1730.05;202.59;115000;1365;5.01;144.5;1630.7
DZHP3-1B;Bone cruncher;2700000;168000000;191.53;62.23;2833.53;981.61;179.42;117000;1545;4.82;149.7;1655.59
DZHP3-2;Bone cruncher;4930000;464000000;249.24;94.24;4255.88;1624.56;269.66;325000;2055;6.56;122.31;2418.8
DZHP4-1;Bone cruncher;4960000;485000000;267.75;97.76;3702.18;1916.45;281.21;311000;2160;9.37;138.6;2591.75
DZHP4-3;Bone cruncher;3660000;292000000;182.66;79.79;2845.76;1760.91;206.49;191000;1660;8.67;153.2;1867.69
DZHP5-1;Bone cruncher;12100000;831000000;197.69;68.63;11203.91;1431.17;181.47;133000;1515;4.13;150.27;1795.53
DZHP5-2;Bone cruncher;7640000;496000000;150.02;59.48;7680.75;1164.36;144.41;105000;1470;3.28;158.2;2790.63
DZHP5-3;Bone cruncher;3170000;160000000;102.34;50.33;4157.58;897.56;107.35;77400;1425;2.44;166.13;3785.73
DZHP5-5;Bone cruncher;3250000;212000000;164.81;65.23;3119.15;1294.85;175.95;120000;1460;2.9;153.24;1638.69
DZHP5-7;Bone cruncher;9070000;847000000;219.49;93.43;5529.54;2386.25;191.83;229000;2620;5.73;161.96;4922.99
DZHP5-11;Bone cruncher;13300000;112000000;202.67;83.55;1627.91;721.68;205.35;112000;1040;7.68;148.21;1013.92
DZHP5-12A;Bone cruncher;830000;18800000;59.6;22.66;2355.85;613.77;61.39;15900;580;3.27;163.1;958.97
DZHP5-13;Bone cruncher;2530000;109000000;121.41;43.01;3674.14;775.04;132.48;64900;1180;3.41;153.71;1962.43
DZHP5-15;Bone cruncher;689000;38200000;117.76;55.42;801.29;1054.56;115.68;61800;1060;4.52;153.2;1201.19
DZHP5-16;Bone cruncher;3160000;329000000;268.33;104.18;2161.22;1901.36;239.04;204000;1985;15.13;150.93;2140.47
DZHP5-17;Bone cruncher;10400000;2100000000;493.03;203.31;4735.33;2980.85;479.02;785000;3255;6.88;146.72;3125.76
DZHP5-18;Bone cruncher;1470000;8,39E+11;149.71;60.43;1128.09;1096.05;136.08;79400;1155;136.74;136.74;1907.98
DZHP6-1A;Bone cruncher;614000;19800000;80.35;32.22;959.92;916.31;72.65;34200;860;3.08;162.61;1519.75
DZHP6-1B;Bone cruncher;2440000;79800000;86.76;32.76;3568.05;1081.82;85.36;66500;1785;8.48;173.14;9290.13
DZHP6-4;Bone cruncher;21400000;4770000000;595.21;223.22;8309.44;3810.5;506.87;955000;3685;14.18;148.8;3617.7
DZHP6-5;Bone cruncher;8700000;1410000000;448.4;162.33;3814.52;2343.27;452.69;686000;3090;10.43;149.52;3545.18
DZHP6-6;Bone cruncher;9730000;2420000000;655.89;248.27;4455;2440.24;580.7;619000;3250;20.21;142.73;7327.62
DZHP6-7;Bone cruncher;12200000;2040000000;412.97;167.01;4199.33;3375.58;358.64;475000;2680;14.02;149.89;3346.94
DZHP6-8;Bone cruncher;1910000;242000000;242.75;126.94;1837.84;1234.45;239.18;309000;1940;8.01;154.44;2419.89
DZHP9-1;Bone cruncher;1840000;217000000;220.32;117.67;1999.34;1281.72;207.36;163000;1390;2.95;130.21;1362.2
DZHT1-2;Bone cruncher;13000000;1170000000;252.74;89.67;9324.77;2020.67;245.93;217000;1895;6.45;155.75;2359.01
DZHT1-3;Bone cruncher;12300000;835000000;173.5;67.97;9557.73;1734.4;173.75;142000;1705;5.77;155.12;2944.49
DZHT1-4;Bone cruncher;7690000;157000000;85.87;20.38;8070.27;1145.65;91.71;39400;1270;3.14;165.58;3497.3
DZHT1-5;Bone cruncher;56000000;277000000;141.52;49.41;7957.42;1297.51;132.55;59400;1100;5.48;161.4;1859.26
DZHT1-6;Bone cruncher;4790000;135000000;123.56;28.25;11501.28;1095.8;125.84;61400;1065;5.19;162.98;1928.8
DZHT1-7;Bone cruncher;5480000;246000000;178.82;44.97;5824.42;1453.63;172.18;88600;1340;4.79;151.65;1512.89
DZHT1-8;Bone cruncher;7180000;413000000;171.99;51.51;8154.06;1024.43;191.25;73700;1130;7.93;148.74;1794.22
DZHT1-9;Bone cruncher;3040000;241000000;218.03;79.27;1985.36;1863.96;212.79;165000;1815;10.85;159.86;2560.65
DZHT1-10;Bone cruncher;41400000;7560000000;507.3;182.51;16038.27;4263.77;601.46;1350000;4600;16.48;151.47;5264.94
DZHT1-11;Bone cruncher;5360000;358000000;193.39;66.82;3178.4;2165.33;214.69;205000;2505;8.51;168.47;6815.64
DZHT2-1;Bone cruncher;29300000;3560000000;293.81;121.45;14237.68;2172.54;268.6;264000;2130;16.35;165.85;4979.85
DZHT2-2A;Bone cruncher;1430000;54900000;105;38.48;2283.61;1033.69;99.59;51300;1020;3.48;163.67;2136.92
DZHT2-2B;Bone cruncher;937000;36900000;94.32;39.41;1457.21;582.31;80.73;24300;565;2.31;146.79;563.07
DZHT2-3;Bone cruncher;749000;46900000;158.8;62.64;1191.55;911.85;158.9;66900;990;6.48;154.38;963.5
DZHT2-4;Bone cruncher;2110000;89400000;94.43;42.46;2948.54;1046.01;117.43;65500;1150;4.39;160.61;2060.22
DZHT2-5;Bone cruncher;3520000;63000000;81.48;17.9;5313.8;972.58;86.39;30000;910;6.02;167.12;2448.24
DZHT2-6;Bone cruncher;3980000;106000000;90.26;26.64;4500.2;1054.75;99.29;70800;1675;6.05;168.46;4649.48
DZHT2-7;Bone cruncher;1760000;125000000;175.67;71.2;1863.17;1101.92;186.25;118000;1135;3.67;155.58;1371.6
DZHT2-8;Bone cruncher;3120000;171000000;151.54;54.82;3334.27;1256.2;125.36;56400;1020;3.77;156.65;1386.74
DZHT2-9;Bone cruncher;5240000;468000000;241.37;89.31;3726.74;1837.28;211.74;140000;1470;10.39;159.24;3319.66
DZHT2-10;Bone cruncher;23700000;2700000000;247.59;113.96;12870.53;2549.76;248.31;210000;1905;15.48;156.36;2735.89
DZHT3-1A;Bone cruncher;1590000;75700000;121.62;47.47;2447.77;753.7;130.45;56400;925;6.63;152.9;977.39
DZHT3-1B;Bone cruncher;988000;35900000;93.13;36.32;1765.26;722.64;99.56;43200;925;3.1;163.85;3286.82
DZHT3-2;Bone cruncher;10600000;1320000000;382.43;124.51;5786.8;2716.25;321.21;287000;2370;8.13;127.42;5952.96
DZHT3-3;Bone cruncher;7160000;606000000;224.82;84.68;3901.92;3028.46;192.54;268000;3130;8.85;165.48;8736.59
DZHT3-4A;Bone cruncher;2550000;170000000;209.98;66.51;2229.3;1412.46;203.18;147000;1830;15.77;157.05;2811.31
DZHT3-4B;Bone cruncher;2890000;190000000;141.18;65.68;3135.52;1249.03;151.51;115000;1605;5.38;160.39;2347.3
DZHT3-5;Bone cruncher;6100000;1070000000;359.3;175.83;3189.35;2273.81;367.06;471000;2820;8.39;147.86;2906.18
DZHT3-7A;Bone cruncher;2970000;426000000;316.66;143.5;2242.34;1411.86;339.8;286000;1810;10.47;144.17;1637.59
DZHT3-7B;Bone cruncher;1380000;56100000;93.05;40.5;1507.17;1520.08;86.55;41700;1015;4.58;164.61;2089.81
A1;Flesh Slicer;2150000;58900000;73.97;27.36;2451.92;766.84;65.85;20000;835;3.05;165.05;1767.36
A2;Flesh Slicer;5530000;345000000;128.78;62.4;5537.56;1395.55;75.02;51600;1480;3.46;171.73;5806.12
A3;Flesh Slicer;4570000;229000000;132.61;50.01;5479.61;1095.6;82.64;31800;800;3.83;165.72;2102.62
B1;Flesh Slicer;2110000;45000000;66.08;21.33;9083.3;407.91;56.47;13100;490;2.39;156.77;2015.21
B2;Flesh Slicer;2490000;52600000;57.63;21.08;6235.34;578.13;51.74;13600;500;2.4;161.33;830.4
C1;Flesh Slicer;1550000;39900000;85.74;25.77;3030.01;625.59;96.91;36700;725;3.67;150.74;866.78
C2;Flesh Slicer;332000;16500000;100.26;49.62;801.1;475.14;104.41;29800;520;5;138.32;388.19
E1;Flesh Slicer;1470000;26800000;56.77;18.27;3500.72;567.67;52.85;16500;580;2.97;160.27;893.37
E2;Flesh Slicer;1900000;40800000;78.6;21.46;4685.78;515.8;70.17;16300;455;1.92;147.15;426.64
E3;Flesh Slicer;3110000;65100000;64.77;20.9;7513.43;953.56;73.59;37900;855;3.02;165.26;1775.78
I1;Flesh Slicer;1650000;33800000;66.68;20.45;3066.75;853.44;77.29;23000;580;3.52;143.26;840.31
J1;Flesh Slicer;8100000;377000000;175.58;46.52;9062.31;1123.9;200.6;103000;1160;5.9;142.54;1030.48
J2;Flesh Slicer;6730000;536000000;201.39;79.67;7024.37;1387.35;205.29;156000;1250;4.36;147.53;1170.37
K1;Flesh Slicer;1210000;86200000;160.06;71.36;1851.2;1017.51;163.52;106000;1050;6.08;150.19;1142.23
K2;Flesh Slicer;1340000;25700000;67.96;19.25;3278.61;662.68;70.61;22700;545;4.13;160.71;835.02
L1;Flesh Slicer;6440000;452000000;219.71;70.19;7395.96;1288.27;226.7;126000;1295;5.32;138.16;993.66
N1;Flesh Slicer;2690000;85600000;89.05;31.81;6043.11;815.13;85.3;34900;695;1.51;154.21;807.87
N2;Flesh Slicer;3940000;97900000;91.52;24.85;7946.21;762.06;84.9;34300;745;2.78;150.24;770.89
N3;Flesh Slicer;4980000;185000000;105.37;37.08;6877.84;916.79;115.47;51200;1200;2.33;154.49;2032.16
O1;Flesh Slicer;2110000;76000000;84.27;35.99;4338.88;561.9;50.57;15600;550;2.09;162.91;1046.11
O2;Flesh Slicer;4260000;120000000;74.41;28.27;6161.08;864.36;56.93;26700;905;3.43;168.55;4416.67
O3;Flesh Slicer;3020000;138000000;147.45;45.7;5533.27;964.82;162.35;72400;1135;5.28;158.27;1667.4
O4;Flesh Slicer;9060000;724000000;206.98;79.1;7922.34;1944.66;231.14;134000;1270;6.41;143.93;1071.72
O5;Flesh Slicer;1030000;90300000;234.7;87.71;1218.44;1147.91;256.81;173000;1325;5.28;141.58;1159.03
P1;Flesh Slicer;3000000;288000000;225.69;96.03;4861.98;1185.5;237.56;167000;1345;3.67;146.29;1121.4
P2;Flesh Slicer;3920000;437000000;246.61;11.46;5278.23;1009.86;206.73;110000;975;6.05;149.17;938.15
Q1;Flesh Slicer;10900000;2410000000;460.43;220.18;6948.7;2481.36;410.37;452000;2185;19.43;139.72;1851.4
S1;Flesh Slicer;2670000;187000000;167.48;69.88;3090.43;1194;168.61;113000;1205;3.27;149.78;1255.65
S2;Flesh Slicer;1150000;81400000;165.55;10.66;1105.91;1310.29;165.28;127000;1335;5.24;149.55;1776.02
DZL1-1;Flesh Slicer;1040000;104000000;237.25;100.27;1331.03;1077.22;219.77;89900;810;12.43;110.03;436.01
DZL1-4;Flesh Slicer;2110000;60000000;77.68;28.49;3602.8;873.19;77.92;20700;625;3.38;163.96;1087.42
DZL1-6;Flesh Slicer;4280000;264000000;170.91;61.7;6679.88;1275.09;143.19;62000;1070;4.68;148.05;1411.68
DZL1-7A;Flesh Slicer;284000;6230000;54.3;21.95;630.4;536.82;53.17;13600;480;1.86;153.69;775.18
DZL1-7B;Flesh Slicer;330000;8560000;73.38;25.93;847.57;480.53;78.08;22000;480;1.37;147.77;501.45
DZL1-7C;Flesh Slicer;2990000;97400000;101.19;32.56;5391.34;640.49;99.26;34700;775;4.18;156.95;1017.64
DZL1-7D;Flesh Slicer;806000;24000000;76.72;29.74;1857.38;698.64;73.16;25700;775;2.16;160.06;1282.34
DZL1-7E;Flesh Slicer;663000;18100000;67.38;27.31;1211.38;591.84;70.38;27300;715;1.85;158.21;1240.77
DZL1-10;Flesh Slicer;2040000;32400000;58.21;15.93;3840.83;600.17;65.14;18800;780;3.76;161.67;1591.91
DZL2-3;Flesh Slicer;2220000;60400000;74.5;29.57;3852.22;912.57;81.24;20800;655;3.85;183.15;1182.34
DZL3-2;Flesh Slicer;189000;4650000;76.11;24.57;503.24;403.86;78.43;14700;430;1.47;141.96;368.14
DZL3-3;Flesh Slicer;186000;5050000;67.6;27.15;544.06;500;65.35;15300;395;1.25;141.31;330.08
DZL3-4;Flesh Slicer;918000;15100000;54.55;16.42;1972.41;585.02;25.74;1370;440;1.43;163.97;17847.49
DZL3-5B;Flesh Slicer;622000;11700000;48.84;18.8;2596.23;359.96;44;6500;330;1.22;145.63;310.23
DZL3-5C;Flesh Slicer;598000;16900000;70.84;28.7;2785.11;300.34;63.05;10000;285;1.56;119.52;169.11
DZL3-5D;Flesh Slicer;495000;8040000;43.61;16.25;1930.96;313.69;36.4;5290;265;1.09;144.75;280.92
DZL3-5E;Flesh Slicer;585000;7390000;41.63;12.64;4514.74;214.93;40.36;1680;175;0.45;156.06;230.73
DZL3-5F;Flesh Slicer;502000;6980000;64.03;13.9;2963.64;234.53;58.13;5540;285;2.84;136.36;290.99
DZL3-6;Flesh Slicer;1200000;110000000;209.69;91.82;2215.47;777.01;202.53;102000;900;4.46;126.77;547.87
DZL3-7;Flesh Slicer;572000;26000000;95.87;45.49;1969.23;363.16;86.82;23800;575;3.08;127.13;516.76
DZL3-8;Flesh Slicer;496000;13600000;65.25;27.3;1886.76;294.29;64.27;8380;400;1.81;143.94;365.51
DZL3-9;Flesh Slicer;697000;43900000;164.05;62.98;1109.63;781.5;156.33;63000;945;6.43;143.55;785.09
DZL3-12A;Flesh Slicer;245000;6730000;61.37;27.41;1008.24;254.11;67.8;10500;320;2.01;132.03;216.33
DZL3-12B;Flesh Slicer;254000;5380000;54.79;21.17;994.92;389.6;54.15;7720;315;2.04;147.7;313.89
DZL3-12C;Flesh Slicer;247000;8400000;76.19;33.96;587.37;466.93;79.84;25200;575;3.94;146.31;526.25
DZL3-12D;Flesh Slicer;145000;4170000;60.92;28.82;570.98;277.01;45.42;7390;345;2.45;154.44;462.77
DZL3-13A;Flesh Slicer;657000;20300000;75.54;30.97;1829.81;545.91;41.65;9940;565;1.35;165.64;1229.83
DZL3-13B;Flesh Slicer;1240000;55400000;98.89;44.8;3724.34;585.01;75.39;27200;625;2.87;149.51;769.69
DZL3-13C;Flesh Slicer;288000;14600000;134.86;50.63;597.79;609.96;122.39;41700;700;3.58;143.51;613.59
DZB1-1;Bone cruncher;13400000;1300000000;270.16;96.77;8638.12;3028.9;227.53;185000;2630;9.4;31.74;12807.6
DZB1-2;Bone cruncher;35200000;3490000000;342.18;99.28;12000.99;3166.24;368.19;569000;3440;21.9;167.3;8120.9
DZB1-3;Bone cruncher;13100000;1460000000;257.18;111.41;6996.7;2216.41;276.93;340000;2090;10.73;160.16;3417.42
DZB2-1A;Bone cruncher;6230000;251000000;144.61;40.3;8365.34;1465.39;149.32;76700;1295;4.74;164.36;2442.75
DZB2-1B;Bone cruncher;5020000;146000000;110.59;29.08;7324.13;1127.52;115.01;47800;1050;4.24;147.17;2506.08
DZB2-2;Bone cruncher;35900000;3430000000;276.04;95.55;12469.57;3574.25;247.3;295000;3065;8.6;171.11;8379.33
DZB2-4;Bone cruncher;32300000;1800000000;188.98;55.68;1057.67;4112.18;173.21;114000;2040;9.29;12.7;44263.55
DZB2-4;Bone cruncher;9860000;500000000;164.4;50.71;5744.07;2368.08;146.21;131000;2490;7.38;168.18;6917.05
DZB2-6;Bone cruncher;19300000;1690000000;230.01;77.32;8824.11;2737.11;225.16;270000;2455;9.89;131.44;10785.37
DZB2-7;Bone cruncher;22500000;2880000000;315.97;117.12;9053.92;3575.03;322.77;668000;4320;12.71;160.2;8213.63
DZB2-8;Bone cruncher;16000000;1790000000;270.03;111.9;4632.33;4895.18;299.2;772000;5325;9.15;172.71;19759.86
DZB2-9;Bone cruncher;4840000;492000000;252.95;101.55;3448.99;1943.18;248.01;405000;3535;6.97;171.37;15156.56
DZB2-10;Bone cruncher;3480000;178000000;198.96;51.14;3923.05;1169.25;198.07;106000;1345;8.49;159.84;2564.78
DZB3-1;Bone cruncher;3400000;343000000;229.08;100.74;1460.95;3391.07;228.75;357000;3530;14.42;172.5;1883.61
DZB3-2B;Bone cruncher;1930000;138000000;176.75;71.46;2903.78;985.08;181.99;83800;750;3.62;132.55;506.99
DZB3-2A;Bone cruncher;3370000;378000000;247.04;112.21;1654.42;3182.06;250.18;489000;3515;6.05;164.62;7060.38
DZB3-3;Bone cruncher;11500000;1000000000;243.52;86.91;9415.53;1745.21;253.03;192000;2025;20.57;152.65;2834.55
DZB3-4;Bone cruncher;36700000;6860000000;472.63;187.06;10251.75;4158.61;367.98;729000;4615;14.17;168.24;15659.26
DZB3-5;Bone cruncher;24100000;2470000000;299.68;105.35;9498.84;2691.33;322.56;455000;2765;16.32;163.73;8179.22
DZB4-1;Bone cruncher;40900000;7720000000;343.4;188.59;14367.91;3641.99;233.43;442000;3605;6.72;169.45;10768.42
DZB4-2;Bone cruncher;29600000;4220000000;297.21;140.07;10278.45;3856.21;267.13;412000;3055;8.25;178.35;8597.51
DZB4-3;Bone cruncher;24400000;2010000000;254.65;82.41;8486.03;3965.8;242.82;375000;2865;7.08;166.15;6464.56
DZB4-5;Bone cruncher;45000000;5800000000;372.47;128.92;12151.94;4726.3;337.13;409000;4235;21.5;172.71;16796.53
DZB5-3;Bone cruncher;33400000;2520000000;220.83;75.58;12380.39;4193.71;197.34;293000;3510;6.84;169.6;11576.59
DZB5-4;Bone cruncher;9150000;455000000;123.79;49.76;6957.23;1933.5;130.93;128000;1950;7.68;165.89;4429.13
DZB6-1;Bone cruncher;52700000;5120000000;284.68;97.14;17318.87;4355.49;294.49;658000;4690;7.96;172.72;27220.58
DZB6-3;Bone cruncher;18800000;5170000000;693.03;274.68;6350.42;3827.17;732.56;792000;2625;32.19;121.18;1559.85
DZB6-4;Bone cruncher;10400000;1950000000;370.37;186.74;4283.06;3389.13;423.74;666000;3060;15.89;154.39;3810.03
